{"cameraMode":{"drawMode":0,"name":"Shaded","section":"Shading Mode"},"sceneLighting":true,"audioPlay":false,"sceneViewState":{"showFog":true,"showMaterialUpdate":false,"showSkybox":true,"showFlares":true,"showImageEffects":true,"showParticleSystems":true},"in2DMode":false,"pivot":{"x":0.10414545238018036,"y":0.1481587439775467,"z":-0.8583395481109619},"rotation":{"x":0.12997236847877503,"y":0.048464879393577579,"z":-0.006360715255141258,"w":0.9903120398521423},"size":3.139456272125244,"orthographic":true}