{"cameraMode":{"drawMode":0,"name":"Shaded","section":"Shading Mode"},"sceneLighting":true,"audioPlay":false,"sceneViewState":{"showFog":true,"showMaterialUpdate":false,"showSkybox":true,"showFlares":true,"showImageEffects":true,"showParticleSystems":true},"in2DMode":false,"pivot":{"x":0.31587713956832888,"y":-0.032759275287389758,"z":-0.24501878023147584},"rotation":{"x":0.017997970804572107,"y":0.010498088784515858,"z":-0.00018897696281783283,"w":0.999782919883728},"size":1.4700751304626465,"orthographic":true}