{"cameraMode":{"drawMode":0,"name":"Shaded","section":"Shading Mode"},"sceneLighting":true,"audioPlay":false,"sceneViewState":{"showFog":true,"showMaterialUpdate":false,"showSkybox":true,"showFlares":true,"showImageEffects":true,"showParticleSystems":true},"in2DMode":false,"pivot":{"x":-0.2760125398635864,"y":0.0608336366713047,"z":-0.8198795914649963},"rotation":{"x":-0.23038507997989655,"y":-0.014595855958759785,"z":0.0034560374915599825,"w":-0.9729840159416199},"size":4.028484344482422,"orthographic":true}