{"cameraMode":{"drawMode":0,"name":"Shaded","section":"Shading Mode"},"sceneLighting":true,"audioPlay":false,"sceneViewState":{"showFog":true,"showMaterialUpdate":false,"showSkybox":true,"showFlares":true,"showImageEffects":true,"showParticleSystems":true},"in2DMode":false,"pivot":{"x":0.046135324984788898,"y":-0.648159384727478,"z":-1.0436865091323853},"rotation":{"x":0.14790727198123933,"y":-0.025216178968548776,"z":0.003772489260882139,"w":0.9886725544929504},"size":1.5832724571228028,"orthographic":false}