{"cameraMode":{"drawMode":0,"name":"Shaded","section":"Shading Mode"},"sceneLighting":true,"audioPlay":false,"sceneViewState":{"showFog":true,"showMaterialUpdate":false,"showSkybox":true,"showFlares":true,"showImageEffects":true,"showParticleSystems":true},"in2DMode":false,"pivot":{"x":0.10414545238018036,"y":0.1481587439775467,"z":-0.8583395481109619},"rotation":{"x":0.12997235357761384,"y":0.04846487566828728,"z":-0.006360714789479971,"w":0.9903119802474976},"size":3.139456272125244,"orthographic":true}