{"cameraMode":{"drawMode":0,"name":"Shaded","section":"Shading Mode"},"sceneLighting":true,"audioPlay":false,"sceneViewState":{"showFog":true,"showMaterialUpdate":false,"showSkybox":true,"showFlares":true,"showImageEffects":true,"showParticleSystems":true},"in2DMode":false,"pivot":{"x":0.0,"y":1.0749999284744263,"z":-0.2849999964237213},"rotation":{"x":0.12997236847877503,"y":0.048464879393577579,"z":-0.006360715255141258,"w":0.9903120398521423},"size":0.41117796301841738,"orthographic":true}