{"cameraMode":{"drawMode":0,"name":"Shaded","section":"Shading Mode"},"sceneLighting":false,"audioPlay":false,"sceneViewState":{"showFog":true,"showMaterialUpdate":false,"showSkybox":true,"showFlares":true,"showImageEffects":true,"showParticleSystems":true},"in2DMode":false,"pivot":{"x":7.450580596923828e-9,"y":1.25,"z":-0.27000001072883608},"rotation":{"x":0.5806179046630859,"y":0.004884972702711821,"z":-0.0034837243147194387,"w":0.8141540884971619},"size":0.23465435206890107,"orthographic":false}