{"cameraMode":{"drawMode":0,"name":"Shaded","section":"Shading Mode"},"sceneLighting":true,"audioPlay":false,"sceneViewState":{"showFog":true,"showMaterialUpdate":false,"showSkybox":true,"showFlares":true,"showImageEffects":true,"showParticleSystems":true},"in2DMode":false,"pivot":{"x":-0.09065551310777664,"y":0.845897912979126,"z":-0.8012458086013794},"rotation":{"x":0.44654273986816409,"y":0.0013421408366411925,"z":-0.0006698145298287272,"w":0.8947610855102539},"size":0.8985779881477356,"orthographic":true}