{"cameraMode":{"drawMode":0,"name":"Shaded","section":"Shading Mode"},"sceneLighting":false,"audioPlay":false,"sceneViewState":{"showFog":true,"showMaterialUpdate":false,"showSkybox":true,"showFlares":true,"showImageEffects":true,"showParticleSystems":true},"in2DMode":false,"pivot":{"x":7.450580596923828e-9,"y":1.25,"z":-0.27000001072883608},"rotation":{"x":0.340521901845932,"y":-0.050738271325826648,"z":0.018406083807349206,"w":0.9386861324310303},"size":0.23465435206890107,"orthographic":false}